cedula,nombre,perfil,perfil_anterior,corte,saldo_pasivo
300000000,ROMERO DIAZ LUIS FERNANDO 0,Alto,Alto,2026-08-31,150
300000001,JIMENEZ VEGA CARLA SOFIA 1,Alto,Alto,2026-08-31,0
300000002,JIMENEZ VEGA CARLA SOFIA 2,Bajo,Bajo,2026-08-31,0
300000003,VELASCO RUIZ ANA LUCIA 3,Bajo,Bajo,2026-08-31,400
300000004,VARGAS LEON DIANA CAROLINA 4,Medio,Medio,2026-08-31,900
300000005,VELASCO RUIZ ANA LUCIA 5,Bajo,Bajo,2026-08-31,2200
300000006,CASTILLO ORTIZ PAOLA ANDREA 6,Bajo,Bajo,2026-08-31,150
300000007,GONZALEZ PEREZ MARIA JOSE 7,Bajo,Bajo,2026-08-31,400
300000008,TORRES LOPEZ JUAN CARLOS 8,Medio,Medio,2026-08-31,400
300000009,MORALES CASTRO PEDRO PABLO 9,Alto,Rechazado,2026-08-31,150
300000010,VELASCO RUIZ ANA LUCIA 10,Bajo,Medio,2026-08-31,400
300000011,JIMENEZ VEGA CARLA SOFIA 11,Alto,Rechazado,2026-08-31,150
300000012,GONZALEZ PEREZ MARIA JOSE 12,Bajo,Bajo,2026-08-31,900
300000013,SALAZAR MENA JORGE ANDRES 13,Medio,Medio,2026-08-31,400
300000014,MORALES CASTRO PEDRO PABLO 14,Medio,Alto,2026-08-31,0
300000015,JIMENEZ VEGA CARLA SOFIA 15,Medio,Medio,2026-08-31,0
300000016,VARGAS LEON DIANA CAROLINA 16,Alto,Alto,2026-08-31,900
300000017,JIMENEZ VEGA CARLA SOFIA 17,Medio,Alto,2026-08-31,150
300000018,HERRERA NUÑEZ CARLOS ALBERTO 18,Alto,Alto,2026-08-31,900
300000019,ROMERO DIAZ LUIS FERNANDO 19,Alto,Alto,2026-08-31,900
300000020,HERRERA NUÑEZ CARLOS ALBERTO 20,Bajo,Bajo,2026-08-31,150
300000021,CASTILLO ORTIZ PAOLA ANDREA 21,Alto,Alto,2026-08-31,0
300000022,TORRES LOPEZ JUAN CARLOS 22,Medio,Medio,2026-08-31,400
300000023,TORRES LOPEZ JUAN CARLOS 23,Alto,Alto,2026-08-31,400
300000024,ROMERO DIAZ LUIS FERNANDO 24,Alto,Alto,2026-08-31,900
300000025,MORALES CASTRO PEDRO PABLO 25,Alto,Alto,2026-08-31,900
300000026,VELASCO RUIZ ANA LUCIA 26,Rechazado,Rechazado,2026-08-31,2200
300000027,GONZALEZ PEREZ MARIA JOSE 27,Alto,Alto,2026-08-31,400
300000028,HERRERA NUÑEZ CARLOS ALBERTO 28,Alto,Alto,2026-08-31,2200
300000029,SALAZAR MENA JORGE ANDRES 29,Alto,Alto,2026-08-31,150
300000030,TORRES LOPEZ JUAN CARLOS 30,Alto,Rechazado,2026-08-31,400
300000031,MORALES CASTRO PEDRO PABLO 31,Alto,Alto,2026-08-31,400
300000032,GONZALEZ PEREZ MARIA JOSE 32,Bajo,Medio,2026-08-31,0
300000033,SALAZAR MENA JORGE ANDRES 33,Bajo,Medio,2026-08-31,900
300000034,CASTILLO ORTIZ PAOLA ANDREA 34,Medio,Medio,2026-08-31,900
300000035,GONZALEZ PEREZ MARIA JOSE 35,Rechazado,Rechazado,2026-08-31,0
300000036,VARGAS LEON DIANA CAROLINA 36,Rechazado,Rechazado,2026-08-31,900
300000037,TORRES LOPEZ JUAN CARLOS 37,Bajo,Bajo,2026-08-31,900
300000038,SALAZAR MENA JORGE ANDRES 38,Alto,Medio,2026-08-31,2200
300000039,VELASCO RUIZ ANA LUCIA 39,Rechazado,Rechazado,2026-08-31,900
