cedula,nombre,perfil,perfil_anterior,corte
100000000,JIMENEZ VEGA CARLA SOFIA 0,Bajo,Bajo,2026-08-31
100000001,TORRES LOPEZ JUAN CARLOS 1,Medio,Medio,2026-08-31
100000002,GONZALEZ PEREZ MARIA JOSE 2,Bajo,Bajo,2026-08-31
100000003,MORALES CASTRO PEDRO PABLO 3,Bajo,Bajo,2026-08-31
100000004,VARGAS LEON DIANA CAROLINA 4,Bajo,Bajo,2026-08-31
100000005,HERRERA NUÑEZ CARLOS ALBERTO 5,Rechazado,Rechazado,2026-08-31
100000006,VELASCO RUIZ ANA LUCIA 6,Medio,Alto,2026-08-31
100000007,VELASCO RUIZ ANA LUCIA 7,Rechazado,Rechazado,2026-08-31
100000008,TORRES LOPEZ JUAN CARLOS 8,Alto,Medio,2026-08-31
100000009,ROMERO DIAZ LUIS FERNANDO 9,Bajo,Bajo,2026-08-31
100000010,GONZALEZ PEREZ MARIA JOSE 10,Alto,Alto,2026-08-31
100000011,CASTILLO ORTIZ PAOLA ANDREA 11,Rechazado,Rechazado,2026-08-31
100000012,HERRERA NUÑEZ CARLOS ALBERTO 12,Bajo,Bajo,2026-08-31
100000013,TORRES LOPEZ JUAN CARLOS 13,Alto,Alto,2026-08-31
100000014,JIMENEZ VEGA CARLA SOFIA 14,Bajo,Bajo,2026-08-31
100000015,CASTILLO ORTIZ PAOLA ANDREA 15,Bajo,Bajo,2026-08-31
100000016,ROMERO DIAZ LUIS FERNANDO 16,Alto,Alto,2026-08-31
100000017,MORALES CASTRO PEDRO PABLO 17,Medio,Medio,2026-08-31
100000018,TORRES LOPEZ JUAN CARLOS 18,Alto,Alto,2026-08-31
100000019,MORALES CASTRO PEDRO PABLO 19,Medio,Medio,2026-08-31
100000020,JIMENEZ VEGA CARLA SOFIA 20,Medio,Medio,2026-08-31
100000021,GONZALEZ PEREZ MARIA JOSE 21,Medio,Medio,2026-08-31
100000022,CASTILLO ORTIZ PAOLA ANDREA 22,Alto,Medio,2026-08-31
100000023,HERRERA NUÑEZ CARLOS ALBERTO 23,Alto,Alto,2026-08-31
100000024,SALAZAR MENA JORGE ANDRES 24,Alto,Alto,2026-08-31
100000025,VELASCO RUIZ ANA LUCIA 25,Rechazado,Rechazado,2026-08-31
100000026,VARGAS LEON DIANA CAROLINA 26,Alto,Alto,2026-08-31
100000027,CASTILLO ORTIZ PAOLA ANDREA 27,Alto,Alto,2026-08-31
100000028,VELASCO RUIZ ANA LUCIA 28,Rechazado,Rechazado,2026-08-31
100000029,GONZALEZ PEREZ MARIA JOSE 29,Rechazado,Rechazado,2026-08-31
100000030,VELASCO RUIZ ANA LUCIA 30,Bajo,Bajo,2026-08-31
100000031,CASTILLO ORTIZ PAOLA ANDREA 31,Rechazado,Rechazado,2026-08-31
100000032,SALAZAR MENA JORGE ANDRES 32,Rechazado,Rechazado,2026-08-31
100000033,TORRES LOPEZ JUAN CARLOS 33,Medio,Alto,2026-08-31
100000034,TORRES LOPEZ JUAN CARLOS 34,Rechazado,Alto,2026-08-31
100000035,SALAZAR MENA JORGE ANDRES 35,Alto,Alto,2026-08-31
100000036,VARGAS LEON DIANA CAROLINA 36,Medio,Bajo,2026-08-31
100000037,TORRES LOPEZ JUAN CARLOS 37,Medio,Medio,2026-08-31
100000038,VELASCO RUIZ ANA LUCIA 38,Medio,Alto,2026-08-31
100000039,HERRERA NUÑEZ CARLOS ALBERTO 39,Medio,Alto,2026-08-31
