cedula,nombre,perfil,perfil_anterior,corte,sector
200000000,TORRES LOPEZ JUAN CARLOS 0,Alto,Alto,2026-08-31,SECTOR PUBLICO
200000001,MORALES CASTRO PEDRO PABLO 1,Alto,Alto,2026-08-31,ARROZ
200000002,TORRES LOPEZ JUAN CARLOS 2,Bajo,Bajo,2026-08-31,FARMACÉUTICO
200000003,VARGAS LEON DIANA CAROLINA 3,Medio,Medio,2026-08-31,FARMACÉUTICO
200000004,HERRERA NUÑEZ CARLOS ALBERTO 4,Alto,Alto,2026-08-31,MAIZ Y CEREALES
200000005,JIMENEZ VEGA CARLA SOFIA 5,Bajo,Medio,2026-08-31,MAIZ Y CEREALES
200000006,VARGAS LEON DIANA CAROLINA 6,Alto,Alto,2026-08-31,MAIZ Y CEREALES
200000007,TORRES LOPEZ JUAN CARLOS 7,Bajo,Bajo,2026-08-31,SECTOR PUBLICO
200000008,MORALES CASTRO PEDRO PABLO 8,Bajo,Bajo,2026-08-31,FARMACÉUTICO
200000009,GONZALEZ PEREZ MARIA JOSE 9,Bajo,Bajo,2026-08-31,FARMACÉUTICO
200000010,TORRES LOPEZ JUAN CARLOS 10,Medio,Bajo,2026-08-31,FARMACÉUTICO
200000011,MORALES CASTRO PEDRO PABLO 11,Alto,Alto,2026-08-31,FARMACÉUTICO
200000012,SALAZAR MENA JORGE ANDRES 12,Rechazado,Rechazado,2026-08-31,MAIZ Y CEREALES
200000013,CASTILLO ORTIZ PAOLA ANDREA 13,Medio,Medio,2026-08-31,SECTOR PUBLICO
200000014,GONZALEZ PEREZ MARIA JOSE 14,Rechazado,Rechazado,2026-08-31,ARROZ
200000015,ROMERO DIAZ LUIS FERNANDO 15,Bajo,Bajo,2026-08-31,ARROZ
200000016,VARGAS LEON DIANA CAROLINA 16,Medio,Medio,2026-08-31,MAIZ Y CEREALES
200000017,JIMENEZ VEGA CARLA SOFIA 17,Medio,Medio,2026-08-31,MAIZ Y CEREALES
200000018,SALAZAR MENA JORGE ANDRES 18,Bajo,Medio,2026-08-31,ARROZ
200000019,VARGAS LEON DIANA CAROLINA 19,Bajo,Bajo,2026-08-31,ARROZ
200000020,VELASCO RUIZ ANA LUCIA 20,Bajo,Bajo,2026-08-31,MAIZ Y CEREALES
200000021,CASTILLO ORTIZ PAOLA ANDREA 21,Rechazado,Rechazado,2026-08-31,ARROZ
200000022,CASTILLO ORTIZ PAOLA ANDREA 22,Medio,Medio,2026-08-31,SECTOR PUBLICO
200000023,VARGAS LEON DIANA CAROLINA 23,Rechazado,Rechazado,2026-08-31,MAIZ Y CEREALES
200000024,MORALES CASTRO PEDRO PABLO 24,Medio,Medio,2026-08-31,ARROZ
200000025,GONZALEZ PEREZ MARIA JOSE 25,Bajo,Bajo,2026-08-31,ARROZ
200000026,VARGAS LEON DIANA CAROLINA 26,Rechazado,Rechazado,2026-08-31,FARMACÉUTICO
200000027,VELASCO RUIZ ANA LUCIA 27,Bajo,Bajo,2026-08-31,ARROZ
200000028,MORALES CASTRO PEDRO PABLO 28,Bajo,Bajo,2026-08-31,MAIZ Y CEREALES
200000029,HERRERA NUÑEZ CARLOS ALBERTO 29,Bajo,Bajo,2026-08-31,ARROZ
200000030,HERRERA NUÑEZ CARLOS ALBERTO 30,Bajo,Bajo,2026-08-31,SECTOR PUBLICO
200000031,ROMERO DIAZ LUIS FERNANDO 31,Alto,Alto,2026-08-31,FARMACÉUTICO
200000032,JIMENEZ VEGA CARLA SOFIA 32,Alto,Alto,2026-08-31,MAIZ Y CEREALES
200000033,GONZALEZ PEREZ MARIA JOSE 33,Medio,Alto,2026-08-31,MAIZ Y CEREALES
200000034,MORALES CASTRO PEDRO PABLO 34,Bajo,Bajo,2026-08-31,SECTOR PUBLICO
200000035,MORALES CASTRO PEDRO PABLO 35,Bajo,Medio,2026-08-31,SECTOR PUBLICO
200000036,VARGAS LEON DIANA CAROLINA 36,Alto,Alto,2026-08-31,SECTOR PUBLICO
200000037,VARGAS LEON DIANA CAROLINA 37,Bajo,Bajo,2026-08-31,SECTOR PUBLICO
200000038,JIMENEZ VEGA CARLA SOFIA 38,Bajo,Bajo,2026-08-31,ARROZ
200000039,VELASCO RUIZ ANA LUCIA 39,Bajo,Bajo,2026-08-31,SECTOR PUBLICO
