id,fecha,cartera_total,dias_mora
40000000000000,2025-09-30,1375575.29,0.0
40000000000000,2025-10-31,1374304.01,0.0
40000000000000,2025-11-30,1369346.01,0.0
40000000000000,2025-12-31,1347531.8,0.0
40000000000000,2026-01-31,1379308.77,0.0
40000000000000,2026-02-28,1350412.03,0.0
40000000000000,2026-03-31,1322280.68,0.0
40000000000000,2026-04-30,1315526.56,0.0
40000000000000,2026-05-31,1312836.91,0.0
40000000000000,2026-06-30,1339058.82,0.0
40000000000000,2026-07-31,1360735.17,0.0
40000000000000,2026-08-31,1321507.78,0.0
40000000000001,2025-09-30,1807796.32,3.8
40000000000001,2025-10-31,1795863.41,6.1
40000000000001,2025-11-30,1832038.78,6.4
40000000000001,2025-12-31,1857830.3,8.2
40000000000001,2026-01-31,1902174.26,8.1
40000000000001,2026-02-28,1876259.27,8.0
40000000000001,2026-03-31,1863747.3,9.0
40000000000001,2026-04-30,1897087.02,10.4
40000000000001,2026-05-31,1935845.15,12.9
40000000000001,2026-06-30,1991681.35,13.1
40000000000001,2026-07-31,2040309.71,13.6
40000000000001,2026-08-31,2060263.91,11.1
40000000000002,2025-09-30,1295620.2,4.3
40000000000002,2025-10-31,1273205.47,3.2
40000000000002,2025-11-30,1293161.42,2.5
40000000000002,2025-12-31,1312714.78,4.5
40000000000002,2026-01-31,1293202.97,2.0
40000000000002,2026-02-28,1255910.87,2.2
40000000000002,2026-03-31,1293581.25,1.3
40000000000002,2026-04-30,1305234.67,3.0
40000000000002,2026-05-31,1317119.19,4.5
40000000000002,2026-06-30,1352650.73,2.7
40000000000002,2026-07-31,1313725.23,0.7
40000000000002,2026-08-31,1284262.65,1.7
40000000000003,2025-09-30,1747457.24,6.1
40000000000003,2025-10-31,1712625.78,11.0
40000000000003,2025-11-30,1738102.02,11.9
40000000000003,2025-12-31,1771400.7,19.6
40000000000003,2026-01-31,1729747.85,19.8
40000000000003,2026-02-28,1710231.86,25.3
40000000000003,2026-03-31,1757246.76,28.4
40000000000003,2026-04-30,1779916.8,29.0
40000000000003,2026-05-31,1800273.46,34.1
40000000000003,2026-06-30,1757272.27,40.2
40000000000003,2026-07-31,1794205.91,45.0
40000000000003,2026-08-31,1753411.59,52.9
40000000000004,2025-09-30,2355130.78,0.0
40000000000004,2025-10-31,2355973.09,0.0
40000000000004,2025-11-30,2405388.54,0.0
40000000000004,2025-12-31,2348458.6,0.0
40000000000004,2026-01-31,2367563.56,0.0
40000000000004,2026-02-28,2397012.54,0.0
40000000000004,2026-03-31,2430637.16,0.0
40000000000004,2026-04-30,2397106.38,0.0
40000000000004,2026-05-31,2402596.65,0.0
40000000000004,2026-06-30,2393309.34,0.0
40000000000004,2026-07-31,2360051.28,0.0
40000000000004,2026-08-31,2406883.81,0.0
40000000000005,2025-09-30,2665487.44,5.3
40000000000005,2025-10-31,2639322.47,9.3
40000000000005,2025-11-30,2611611.83,13.2
40000000000005,2025-12-31,2588863.38,15.3
40000000000005,2026-01-31,2554637.33,20.0
40000000000005,2026-02-28,2612899.52,24.5
40000000000005,2026-03-31,2615506.24,26.0
40000000000005,2026-04-30,2574917.15,29.3
40000000000005,2026-05-31,2583441.6,31.2
40000000000005,2026-06-30,2579735.87,36.9
40000000000005,2026-07-31,2571714.12,37.0
40000000000005,2026-08-31,2539964.08,40.3
40000000000006,2025-09-30,789182.9,19.2
40000000000006,2025-10-31,785655.43,25.2
40000000000006,2025-11-30,777679.05,30.8
40000000000006,2025-12-31,766989.84,32.8
40000000000006,2026-01-31,749532.66,34.4
40000000000006,2026-02-28,732423.29,38.7
40000000000006,2026-03-31,743945.31,40.2
40000000000006,2026-04-30,731285.65,44.0
40000000000006,2026-05-31,741139.8,51.8
40000000000006,2026-06-30,742235.36,54.1
40000000000006,2026-07-31,724445.15,55.7
40000000000006,2026-08-31,712599.74,57.1
40000000000007,2025-09-30,119670.49,17.8
40000000000007,2025-10-31,120053.62,19.0
40000000000007,2025-11-30,117361.63,21.2
40000000000007,2025-12-31,117297.4,23.5
40000000000007,2026-01-31,117818.65,23.3
40000000000007,2026-02-28,117397.82,21.4
40000000000007,2026-03-31,114237.78,24.0
40000000000007,2026-04-30,114085.13,26.0
40000000000007,2026-05-31,113405.46,23.4
40000000000007,2026-06-30,114286.25,20.7
40000000000007,2026-07-31,111880.74,21.1
40000000000007,2026-08-31,110563.91,24.1
40000000000008,2025-09-30,428334.86,2.5
40000000000008,2025-10-31,435420.21,1.0
40000000000008,2025-11-30,446092.48,0.0
40000000000008,2025-12-31,448461.9,0.0
40000000000008,2026-01-31,450308.56,0.0
40000000000008,2026-02-28,462740.02,0.0
40000000000008,2026-03-31,470034.76,0.0
40000000000008,2026-04-30,463397.29,0.0
40000000000008,2026-05-31,456164.54,0.0
40000000000008,2026-06-30,446763.88,0.0
40000000000008,2026-07-31,451840.13,0.0
40000000000008,2026-08-31,439169.81,0.0
40000000000009,2025-09-30,915718.7,7.5
40000000000009,2025-10-31,931532.87,8.3
40000000000009,2025-11-30,940541.7,10.9
40000000000009,2025-12-31,936317.11,11.2
40000000000009,2026-01-31,944611.08,13.6
40000000000009,2026-02-28,963123.45,11.0
40000000000009,2026-03-31,943817.99,9.9
40000000000009,2026-04-30,957916.24,10.3
40000000000009,2026-05-31,945766.64,8.0
40000000000009,2026-06-30,956473.36,9.2
40000000000009,2026-07-31,981877.84,9.3
40000000000009,2026-08-31,981512.3,6.7
40000000000010,2025-09-30,194299.8,4.0
40000000000010,2025-10-31,189535.49,0.2
40000000000010,2025-11-30,193356.06,0.0
40000000000010,2025-12-31,198585.79,0.0
40000000000010,2026-01-31,200638.55,0.0
40000000000010,2026-02-28,195103.72,0.0
40000000000010,2026-03-31,194758.39,0.0
40000000000010,2026-04-30,199620.41,0.0
40000000000010,2026-05-31,200642.42,0.0
40000000000010,2026-06-30,200542.82,0.0
40000000000010,2026-07-31,198713.4,0.0
40000000000010,2026-08-31,200741.86,0.0
40000000000011,2025-09-30,1053201.44,8.2
40000000000011,2025-10-31,1069662.96,8.5
40000000000011,2025-11-30,1043224.73,10.5
40000000000011,2025-12-31,1019183.92,16.7
40000000000011,2026-01-31,1041498.58,23.3
40000000000011,2026-02-28,1010325.56,30.3
40000000000011,2026-03-31,1008020.58,30.7
40000000000011,2026-04-30,1009135.82,35.7
40000000000011,2026-05-31,1009044.58,39.2
40000000000011,2026-06-30,981897.96,41.3
40000000000011,2026-07-31,960159.51,43.6
40000000000011,2026-08-31,982099.92,47.5
40000000000012,2025-09-30,166366.8,13.9
40000000000012,2025-10-31,161512.29,13.3
40000000000012,2025-11-30,158844.44,15.4
40000000000012,2025-12-31,155160.46,18.0
40000000000012,2026-01-31,156535.59,16.0
40000000000012,2026-02-28,160599.12,14.7
40000000000012,2026-03-31,162578.46,14.2
40000000000012,2026-04-30,162407.75,14.0
40000000000012,2026-05-31,161986.65,11.9
40000000000012,2026-06-30,158979.63,12.5
40000000000012,2026-07-31,161328.96,10.3
40000000000012,2026-08-31,157164.84,12.0
40000000000013,2025-09-30,2538913.94,0.0
40000000000013,2025-10-31,2573349.38,0.0
40000000000013,2025-11-30,2585689.63,0.0
40000000000013,2025-12-31,2642356.66,0.0
40000000000013,2026-01-31,2639874.12,0.0
40000000000013,2026-02-28,2681511.17,0.0
40000000000013,2026-03-31,2751153.06,0.0
40000000000013,2026-04-30,2830514.14,0.0
40000000000013,2026-05-31,2810638.98,0.0
40000000000013,2026-06-30,2795592.24,0.0
40000000000013,2026-07-31,2791059.39,0.0
40000000000013,2026-08-31,2771169.94,0.0
40000000000014,2025-09-30,2460551.0,1.0
40000000000014,2025-10-31,2529252.58,3.7
40000000000014,2025-11-30,2468605.84,10.4
40000000000014,2025-12-31,2409316.6,17.7
40000000000014,2026-01-31,2339255.74,18.9
40000000000014,2026-02-28,2391318.16,26.6
40000000000014,2026-03-31,2330314.91,32.9
40000000000014,2026-04-30,2297460.65,37.9
40000000000014,2026-05-31,2283328.97,38.5
40000000000014,2026-06-30,2259842.5,43.9
40000000000014,2026-07-31,2264401.37,51.5
40000000000014,2026-08-31,2281628.82,58.6
